amino_acid,U_statistic,p_value,significant
1MHIS_conc,5605.0,2.5262280009356715e-05,True
PRO_conc,5516.0,0.00010321270044523732,True
ARG_conc,5398.0,0.0001773267268001056,True
TRP_conc,2766.0,0.0006021642690168461,True
CIT_conc,2780.0,0.0008289786026398376,True
ABA_conc,2787.0,0.0008867090744493758,True
C-C_conc,3002.0,0.005977908855398098,True
VAL_conc,3100.0,0.011020420083633128,True
GLN_conc,4966.0,0.015534580366476626,True
HYP_conc,4869.0,0.020018920610918842,True
SAR_conc,4763.0,0.04127138458579958,True
LEU_conc,3416.0,0.08887699579031823,False
PHE_conc,3511.0,0.14744660693748024,False
ALA_conc,4592.0,0.15425384363286057,False
BAIB_conc,4517.0,0.19305650224558335,False
GABA_conc,3530.0,0.20266968163176935,False
ASP_conc,3594.0,0.21952461898960884,False
MET_conc,3580.0,0.22913122145251585,False
LYS_conc,4504.0,0.23383146469109284,False
3MHIS_conc,4406.0,0.31508035767645004,False
GLY_conc,3751.0,0.4178803740390403,False
TYR_conc,4246.0,0.515839932856563,False
THR_conc,4272.0,0.5664247472895905,False
SER_conc,3850.0,0.5845707884105362,False
ASN_conc,3810.0,0.6026285575923206,False
AAA_conc,3874.0,0.7794320212183257,False
ORN_conc,3972.0,0.8241996375123898,False
HIS_conc,4008.0,0.8994383266592783,False
ILE_conc,4071.0,0.969228131461594,False
