name     ,  rank,   score, probability, sas_points, surf_atoms,   center_x,   center_y,   center_z, residue_ids, surf_atom_ids
pocket1  ,     1,   45.89,       0.973,        196,        105,    23.0761,     3.6087,    30.9459, A_100 A_112 A_115 A_116 A_119 A_120 A_123 A_205 A_209 A_227 A_348 A_349 A_352 A_353 A_355 A_357 A_359 A_375 A_376 A_377 A_381 A_385 A_387 A_471 A_513 A_518 A_522 A_523 A_524 A_526 A_527 A_529 A_530 A_531 A_533 A_534 A_83 A_84 A_86 A_89 A_90 A_92 A_93 A_99, 746 747 764 766 790 792 793 794 836 837 848 851 853 855 891 909 910 911 1012 1013 1034 1035 1246 1247 1248 1294 1296 1298 1310 1314 1315 1360 1361 1362 1363 1369 1370 1375 1376 1377 1427 2703 2704 2769 2771 2772 3043 5042 5059 5060 5103 5104 5105 5107 5120 5121 5124 5145 5146 5147 5148 5183 5224 5225 5512 5513 5523 5545 5551 5605 5607 5608 5673 5675 5714 7097 7757 7835 7837 7887 7902 7906 7907 7924 7925 7949 7950 7955 7956 7959 7982 7986 8000 8002 8003 8004 8015 8016 8052 8053 8054 8058 8063 8064 8065
pocket2  ,     2,   32.88,       0.945,         90,         58,    24.4578,    38.9361,     7.5340, B_116 B_120 B_192 B_205 B_209 B_344 B_348 B_349 B_352 B_353 B_355 B_359 B_381 B_385 B_387 B_513 B_516 B_517 B_518 B_522 B_523 B_526 B_527 B_530 B_531 B_533 B_534 B_90, 9635 9637 10095 10096 10157 10158 11285 11484 11485 11550 11552 11553 13741 13807 13822 13824 13825 13868 13869 13870 13872 13885 13886 13889 13912 13913 13989 13990 14372 14373 14438 14440 14479 16520 16568 16580 16596 16597 16600 16602 16652 16667 16671 16672 16714 16720 16721 16724 16765 16767 16768 16769 16780 16781 16782 16817 16828 16830
pocket3  ,     3,   27.60,       0.922,        239,        119,    34.5109,    25.6146,    25.7145, A_139 A_140 A_142 A_143 A_144 A_145 A_224 A_225 A_226 A_227 A_229 A_231 A_235 A_236 A_238 A_241 A_333 A_373 A_374 A_375 A_376 A_533 A_536 A_537 A_538 B_128 B_139 B_140 B_142 B_143 B_144 B_145 B_224 B_225 B_226 B_227 B_228 B_229 B_231 B_235 B_236 B_237 B_238 B_241 B_333 B_373 B_374 B_375 B_376 B_536 B_537 B_538, 1669 1671 1674 1694 1695 1715 1720 1721 1722 1733 1735 1736 1737 1744 1747 1748 1750 1762 1763 3001 3002 3003 3018 3019 3021 3028 3043 3069 3070 3072 3100 3170 3177 3179 3182 3203 3204 3207 3264 4783 5471 5490 5493 5496 5506 5508 5509 5510 5527 5528 8054 8097 8108 8115 8120 10283 10450 10452 10455 10469 10475 10476 10496 10501 10502 10503 10514 10515 10516 10517 10518 10525 10528 10529 10531 10542 10543 10544 11766 11767 11768 11783 11784 11785 11786 11793 11808 11809 11814 11835 11837 11865 11935 11942 11944 11947 11956 11968 11969 11972 12029 13548 14236 14255 14258 14261 14271 14274 14275 14292 14293 16861 16862 16866 16867 16871 16873 16880 16885
pocket4  ,     4,   26.46,       0.914,        148,         61,    38.6601,     8.0606,    43.9809, A_199 A_200 A_203 A_206 A_207 A_210 A_211 A_212 A_214 A_218 A_289 A_291 A_294 A_295 A_382 A_385 A_386 A_387 A_388 A_391 A_395 A_404 A_408 A_444 A_447 A_450 A_454 A_458, 2603 2618 2660 2661 2664 2665 2666 2667 2668 2719 2734 2735 2736 2737 2785 2786 2789 2803 2806 2824 2827 2828 2829 2858 2859 2923 2924 4067 4095 4096 4097 4140 4141 4158 5624 5625 5668 5693 5694 5695 5706 5707 5734 5735 5736 5783 5784 5846 5999 6002 6004 6075 6077 6628 6681 6683 6684 6726 6781 6782 6850
pocket5  ,     5,   24.10,       0.895,        143,         60,    39.6928,    47.7093,    12.5863, B_199 B_203 B_206 B_207 B_210 B_211 B_212 B_214 B_289 B_291 B_294 B_295 B_382 B_385 B_386 B_387 B_388 B_391 B_395 B_404 B_407 B_408 B_444 B_447 B_450 B_454, 11384 11441 11442 11445 11446 11447 11448 11449 11500 11515 11516 11517 11518 11566 11570 11584 11585 11605 11608 11610 11637 11638 11639 12832 12860 12861 12862 12905 12906 12923 14389 14433 14452 14458 14459 14460 14468 14469 14470 14471 14472 14499 14500 14501 14547 14548 14549 14611 14767 14769 14822 14840 14842 15393 15446 15448 15449 15491 15546 15547
pocket6  ,     6,   22.35,       0.880,        188,         95,    41.9783,    18.5250,     4.0422, A_322 A_323 A_324 A_327 A_331 A_542 A_543 A_546 A_548 A_549 A_551 B_122 B_125 B_130 B_133 B_135 B_136 B_137 B_151 B_152 B_153 B_154 B_156 B_157 B_158 B_34 B_36 B_39 B_40 B_41 B_44 B_45 B_46 B_461 B_465 B_469 B_47 B_48 B_49 B_60 B_61 B_62, 4607 4609 4625 4627 4630 4643 4681 4684 4685 4755 8174 8175 8176 8177 8186 8187 8189 8190 8249 8280 8291 8322 8802 8803 8804 8827 8828 8829 8859 8861 8863 8878 8886 8889 8890 8927 8928 8929 8930 8931 8934 8935 8954 8959 8963 8964 8974 8977 8978 8985 8988 8989 9001 9005 9006 9162 9176 9203 10188 10246 10247 10314 10315 10353 10383 10384 10385 10386 10391 10394 10396 10397 10398 10411 10414 10419 10650 10664 10680 10681 10682 10693 10695 10721 10724 10725 10726 10740 10752 15675 15676 15733 15737 15818 15819
pocket7  ,     7,   21.56,       0.871,        184,         99,    16.0555,    27.9717,    40.8607, A_125 A_130 A_133 A_135 A_136 A_137 A_151 A_152 A_153 A_154 A_155 A_156 A_157 A_158 A_34 A_36 A_39 A_41 A_42 A_43 A_44 A_45 A_46 A_461 A_465 A_468 A_469 A_47 A_48 A_49 A_60 A_61 A_62 B_322 B_323 B_324 B_326 B_327 B_542 B_543 B_546 B_548, 5 6 7 8 31 32 33 60 63 65 67 93 94 106 107 108 117 131 132 134 135 137 138 139 158 163 167 168 178 181 182 192 209 210 366 380 384 407 1465 1466 1533 1534 1572 1602 1603 1604 1605 1613 1615 1617 1619 1638 1869 1883 1899 1900 1901 1912 1914 1926 1939 1940 1943 1944 1945 1953 1959 1970 1971 1972 6910 6911 6968 6972 7029 7032 7033 7047 7048 7053 13372 13374 13390 13408 13431 13432 13442 13446 13449 13450 16939 16940 16941 16952 16954 16955 17014 17045 17046
pocket8  ,     8,    9.65,       0.519,         77,         30,    14.7579,    34.0697,     1.4713, B_100 B_112 B_115 B_116 B_119 B_120 B_355 B_524 B_86 B_89 B_90 B_92 B_93 B_99, 9571 9573 9616 9617 9618 9628 9629 9672 9690 9691 9692 9793 9794 9815 9816 10027 10028 10029 10075 10077 10095 10096 10144 10156 10157 10158 13912 13913 16689 16690
pocket9  ,     9,    3.05,       0.101,         61,         31,    24.8729,    18.9304,    12.1752, A_366 A_367 A_369 A_371 A_373 A_542 A_543 B_121 B_122 B_124 B_125 B_126 B_370 B_371 B_372, 5342 5359 5361 5395 5434 5477 8174 8176 8177 8178 8186 8190 10177 10186 10188 10189 10190 10192 10194 10224 10246 10255 10256 14182 14183 14185 14186 14187 14197 14221 14224
pocket10 ,    10,    2.95,       0.095,         68,         32,    17.9304,    20.8500,    23.6611, A_121 A_122 A_124 A_125 A_126 A_370 A_371 A_372 A_532 B_366 B_367 B_369 B_371 B_373 B_542 B_543, 1396 1405 1407 1411 1412 1413 1443 1465 1471 1474 1475 5417 5418 5421 5432 5451 5455 5456 5459 8037 14107 14124 14126 14127 14160 14199 14242 16941 16942 16943 16951 16955
pocket11 ,    11,    1.87,       0.037,         39,         21,    11.9816,     1.7381,    43.8626, A_467 A_473 A_475 A_480 A_511 A_520 A_87, 810 7009 7127 7130 7131 7134 7135 7171 7173 7248 7250 7253 7716 7717 7718 7719 7720 7721 7859 7862 7863
pocket12 ,    12,    1.41,       0.018,          5,          7,    43.0528,    39.0863,     8.4517, B_383 B_386 B_451 B_454 B_458, 14402 14459 14460 15502 15543 15546 15615
pocket13 ,    13,    1.36,       0.016,         23,         13,     9.7813,    35.0439,    23.0957, B_362 B_364 B_545 B_556 B_560, 14049 14050 14076 14077 14078 16990 16993 17148 17149 17218 17219 17220 17221
pocket14 ,    14,    1.20,       0.011,         24,         14,    30.8319,     3.7980,    10.5372, A_362 A_364 A_545 A_556 A_560, 5284 5285 5286 5311 5312 5313 8223 8225 8381 8383 8384 8454 8455 8456
pocket15 ,    15,    1.12,       0.008,         20,         10,    43.8637,     5.8743,     3.6615, A_319 A_320 A_551 A_552 A_553 B_48 B_50 B_56, 4564 4580 4581 8325 8330 8336 8991 9017 9018 9110
pocket16 ,    16,    1.00,       0.005,          3,          8,    40.1964,     4.8688,    29.2779, A_201 A_204 A_205 A_232 A_340, 2639 2640 2683 2698 3118 3119 4902 4903
